{
  "version": 1,
  "author": "Anonymous maker",
  "editor": "wokwi",
  "parts": [
    { "type": "wokwi-arduino-uno", "id": "uno", "top": 87, "left": 114.6, "attrs": {} },
    {
      "type": "wokwi-led",
      "id": "led1",
      "top": -109.2,
      "left": 51.8,
      "attrs": { "color": "red" }
    },
    {
      "type": "wokwi-resistor",
      "id": "r1",
      "top": -14.4,
      "left": 37.85,
      "rotate": 90,
      "attrs": { "value": "1000" }
    },
    {
      "type": "wokwi-lcd1602",
      "id": "lcd1",
      "top": 102.4,
      "left": 466.4,
      "attrs": { "pins": "i2c" }
    },
    { "type": "wokwi-hc-sr04", "id": "ultrasonic1", "top": -94.5, "left": 130.3, "attrs": {} }
  ],
  "connections": [
    [ "ultrasonic1:TRIG", "uno:9", "green", [ "v38.4", "h-19.6" ] ],
    [ "ultrasonic1:ECHO", "uno:10", "green", [ "v48", "h-39.2" ] ],
    [
      "ultrasonic1:VCC",
      "uno:5V",
      "red",
      [ "v38.4", "h-134.4", "v307.2", "h201.6", "v0", "h9.6" ]
    ],
    [ "ultrasonic1:GND", "uno:GND.1", "black", [ "v0" ] ],
    [ "uno:5V", "lcd1:VCC", "red", [ "v67.1", "h167", "v-201.6", "h9.6" ] ],
    [ "lcd1:SDA", "uno:A4", "green", [ "h-19.2", "v153.8", "h-86.4" ] ],
    [ "lcd1:GND", "uno:GND.2", "black", [ "h-38.4", "v201.6", "h-144" ] ],
    [ "lcd1:SCL", "uno:A5", "green", [ "h-9.6", "v153.9", "h-86.4" ] ],
    [ "led1:C", "r1:1", "green", [ "v0" ] ],
    [ "r1:2", "uno:GND.1", "black", [ "h67.2", "v46.8", "h96", "v9.6" ] ],
    [ "led1:A", "uno:13", "green", [ "v76.8", "h67.2", "v48", "h96" ] ]
  ],
  "dependencies": {}
}